{"experiment_id": "neg40_data", "temperature": 233.14999999999998, "time_points": [0.0, 179.0, 341.0, 612.0, 791.0, 971.0, 1150.0, 1329.0, 1508.0, 1602.0, 1865.0, 2044.0, 2223.0, 2402.0, 2581.0, 2760.0, 2939.0, 3118.0, 3298.0, 3477.0, 3656.0, 3835.0, 4014.0, 4193.0, 4372.0, 4551.0, 4730.0, 4909.0, 5088.0, 5267.0, 5446.0, 5624.0, 5804.0, 5983.0, 6162.0, 6341.0, 6520.0, 6699.0, 6878.0, 7057.0, 7236.0, 7415.0, 7594.0, 7773.0, 7952.0, 8131.0], "integrals": [2.76734, 4.54396, 4.76295, 5.44947, 7.47533, 6.25771, 7.52051, 6.23421, 8.19637, 6.75534, 8.92957, 7.2006, 9.04952, 9.9921, 9.65861, 204.86, 449.637, 273.721, 227.6, 579.073, 551.034, 606.677, 545.644, 677.109, 675.418, 593.197, 605.396, 608.397, 764.862, 922.768, 892.989, 881.001, 980.024, 598.046, 422.994, 555.453, 480.118, 996.141, 1050.75, 1083.34, 914.636, 1193.09, 1120.14, 756.399, 692.236, 1093.59]}