{"experiment_id": "product_pos10_data", "temperature": 283.15, "time_points": [0.0, 182.0, 364.0, 546.0, 728.0, 909.0, 1091.0, 1273.0, 1455.0, 1637.0, 1819.0, 2001.0, 2183.0, 2364.0, 2546.0, 2728.0, 2910.0, 3092.0, 3274.0, 3456.0, 3638.0, 3820.0, 4001.0, 4183.0, 4365.0, 4547.0, 4729.0, 4911.0, 5093.0, 5275.0, 5456.0, 5638.0, 5820.0, 6002.0, 6184.0, 6366.0, 6548.0, 6729.0, 6911.0, 7093.0, 7275.0, 7457.0, 7639.0, 7821.0, 8003.0, 8185.0, 8366.0, 8548.0, 8730.0, 8912.0, 9094.0, 9276.0, 9458.0, 9640.0, 9821.0, 10003.0, 10185.0, 10367.0, 10549.0, 10731.0], "integrals": [0.753115, 0.0510474, 0.023337, 106.761, 118.815, 145.13, 198.346, 166.248, 195.879, 232.125, 386.136, 290.546, 448.311, 321.642, 523.165, 490.546, 600.121, 571.782, 723.989, 811.046, 906.824, 1003.4, 1277.1, 1176.08, 1339.68, 1420.36, 1430.0, 1382.87, 1778.7, 1550.66, 1928.67, 1862.17, 1935.31, 1996.05, 1707.07, 1816.11, 2214.71, 2051.35, 2406.26, 2081.64, 2386.52, 2461.34, 2442.63, 2459.28, 2538.4, 2705.21, 2617.7, 3005.79, 2765.2, 2825.55, 3193.39, 3063.42, 3191.34, 3145.48, 3213.25, 3537.52, 3712.54, 3397.54, 3450.12, 3925.97]}