{"experiment_id": "neg20_data", "temperature": 253.14999999999998, "time_points": [0.0, 143.0, 448.0, 627.0, 806.0, 985.0, 1164.0, 1343.0, 1522.0, 1701.0, 1880.0, 2059.0, 2238.0, 2417.0, 2596.0, 2775.0, 2955.0, 3134.0, 3313.0, 3492.0, 3671.0, 3851.0, 4030.0, 4209.0, 4387.0, 4566.0, 4745.0, 4924.0, 5102.0, 5281.0, 5460.0, 5639.0, 5819.0, 5997.0, 6176.0, 6355.0, 6534.0, 6713.0, 6898.0, 7077.0], "integrals": [-4.88143e-06, 234.699, 657.326, 834.381, 1335.21, 1514.11, 1947.98, 2082.82, 2329.17, 2564.81, 2739.88, 2213.2, 3107.51, 3471.31, 3719.78, 3911.64, 4082.02, 4163.12, 4592.38, 4791.1, 4896.67, 5106.79, 5326.37, 5157.75, 5793.27, 5841.71, 6027.14, 6283.37, 6596.85, 6401.91, 6225.67, 6728.7, 6623.44, 7051.94, 7121.06, 8135.79, 7040.9, 7310.36, 8148.19, 7434.9]}