{"experiment_id": "neg30_data", "temperature": 243.14999999999998, "time_points": [0.0, 319.0, 497.0, 676.0, 855.0, 1034.0, 1213.0, 1392.0, 1571.0, 1750.0, 1928.0, 2107.0, 2286.0, 2465.0, 2644.0, 2823.0, 3002.0, 3181.0, 3360.0, 3539.0, 3719.0, 3899.0, 4078.0, 4257.0, 4436.0, 4615.0, 4794.0, 4972.0, 5151.0, 5330.0, 5509.0, 5687.0, 5866.0, 6045.0, 6224.0, 6403.0, 6582.0, 6760.0, 6939.0, 7119.0, 7297.0], "integrals": [-0.0566247, 0.85035, -2.97797e-08, 1.20352e-05, 360.86, 488.944, 568.362, 660.607, 777.973, 838.562, 967.257, 1034.05, 1288.41, 1237.76, 1464.45, 1313.36, 1499.57, 1716.93, 1779.27, 1822.62, 1740.91, 1979.5, 1891.05, 2273.1, 2089.78, 2194.38, 2324.29, 2457.56, 2565.75, 2555.31, 2813.86, 2605.49, 2671.9, 2769.74, 2745.17, 2658.38, 2922.14, 2927.02, 2890.51, 3033.95, 2981.4]}