{"experiment_id": "neg50_data", "temperature": 223.14999999999998, "time_points": [0.0, 230.0, 472.0, 651.0, 830.0, 1009.0, 1188.0, 1367.0, 1546.0, 1725.0, 1904.0, 2083.0, 2261.0, 2440.0, 2619.0, 2798.0, 2977.0, 3105.0, 3335.0, 3514.0, 3692.0, 3871.0, 4050.0, 4228.0, 4407.0, 4586.0, 4765.0, 4945.0, 5124.0, 5303.0, 5482.0, 5661.0, 5840.0, 6020.0, 6199.0, 6379.0, 6558.0, 6737.0, 6916.0, 7095.0, 7273.0, 7452.0, 7631.0, 7810.0, 7989.0, 8168.0, 8347.0, 8525.0, 8704.0, 8883.0, 9062.0, 9241.0, 9419.0, 9599.0, 9778.0, 9957.0, 10136.0, 10315.0, 10494.0, 10673.0], "integrals": [2.19392, 0.0542018, 1.69494, 1.33796, 0.00625971, 0.0520646, 0.034358, 0.0246924, 0.0846055, 0.0223776, 0.0642342, 1.80739, 1.93974, 0.160539, 1.59006e-05, 4.11601e-06, 6.92016e-05, 1.99923, 2.9348, 1.15802, 2.55033, 0.127786, 0.0483177, 0.0238007, 0.0730842, 1.63424e-05, 1.15886, 1.14299, 2.59588e-05, -0.083004, 0.694913, 0.000779397, -0.0697787, -0.130645, 0.169333, 181.361, 206.184, 0.000323229, 230.721, 245.271, 258.363, 259.441, 0.127872, 242.904, 0.13461, -0.0593155, 207.375, 256.713, 316.601, 301.976, 276.411, 242.344, 301.009, 287.744, 229.88, 278.285, 315.534, 306.406, 333.656, 267.554]}